ID	length	e-value
gnl|BL_ORD_ID|26311 PLMD-7244|P25665|87 Acetylation [Escherichia coli (strain K12)]	753	0.0
gnl|BL_ORD_ID|26310 PLMD-7244|P25665|729 Acetylation [Escherichia coli (strain K12)]	753	0.0
gnl|BL_ORD_ID|26309 PLMD-7244|P25665|546 Acetylation [Escherichia coli (strain K12)]	753	0.0
gnl|BL_ORD_ID|26308 PLMD-7244|P25665|538 Acetylation [Escherichia coli (strain K12)]	753	0.0
gnl|BL_ORD_ID|26307 PLMD-7244|P25665|518 Acetylation [Escherichia coli (strain K12)]	753	0.0
gnl|BL_ORD_ID|26306 PLMD-7244|P25665|466 Acetylation [Escherichia coli (strain K12)]	753	0.0
gnl|BL_ORD_ID|26305 PLMD-7244|P25665|449 Acetylation [Escherichia coli (strain K12)]	753	0.0
gnl|BL_ORD_ID|26304 PLMD-7244|P25665|448 Acetylation [Escherichia coli (strain K12)]	753	0.0
gnl|BL_ORD_ID|26303 PLMD-7244|P25665|422 Acetylation [Escherichia coli (strain K12)]	753	0.0
gnl|BL_ORD_ID|26302 PLMD-7244|P25665|394 Acetylation [Escherichia coli (strain K12)]	753	0.0
gnl|BL_ORD_ID|26301 PLMD-7244|P25665|314 Acetylation [Escherichia coli (strain K12)]	753	0.0
gnl|BL_ORD_ID|26300 PLMD-7244|P25665|309 Acetylation [Escherichia coli (strain K12)]	753	0.0
gnl|BL_ORD_ID|26299 PLMD-7244|P25665|304 Acetylation [Escherichia coli (strain K12)]	753	0.0
gnl|BL_ORD_ID|26298 PLMD-7244|P25665|278 Acetylation [Escherichia coli (strain K12)]	753	0.0
gnl|BL_ORD_ID|26297 PLMD-7244|P25665|270 Acetylation [Escherichia coli (strain K12)]	753	0.0
gnl|BL_ORD_ID|26296 PLMD-7244|P25665|21 Acetylation [Escherichia coli (strain K12)]	753	0.0
gnl|BL_ORD_ID|26295 PLMD-7244|P25665|20 Acetylation [Escherichia coli (strain K12)]	753	0.0
gnl|BL_ORD_ID|26294 PLMD-7244|P25665|174 Acetylation [Escherichia coli (strain K12)]	753	0.0
gnl|BL_ORD_ID|26293 PLMD-7244|P25665|172 Acetylation [Escherichia coli (strain K12)]	753	0.0
gnl|BL_ORD_ID|26292 PLMD-7244|P25665|158 Acetylation [Escherichia coli (strain K12)]	753	0.0
gnl|BL_ORD_ID|26291 PLMD-7244|P25665|132 Acetylation [Escherichia coli (strain K12)]	753	0.0
gnl|BL_ORD_ID|26290 PLMD-7244|P25665|117 Acetylation [Escherichia coli (strain K12)]	753	0.0
gnl|BL_ORD_ID|98001 PLMD-43404|A6R7F7|74 Acetylation [Ajellomyces capsulatus (strain NAm1 / WU24)]	763	0.0
gnl|BL_ORD_ID|98000 PLMD-43404|A6R7F7|544 Acetylation [Ajellomyces capsulatus (strain NAm1 / WU24)]	763	0.0
gnl|BL_ORD_ID|97999 PLMD-43404|A6R7F7|18 Acetylation [Ajellomyces capsulatus (strain NAm1 / WU24)]	763	0.0
gnl|BL_ORD_ID|48353 PLMD-13994|P82610|732 Acetylation [Candida albicans (strain SC5314 / ATCC MYA-2876)]	767	0.0
gnl|BL_ORD_ID|48352 PLMD-13994|P82610|726 Acetylation [Candida albicans (strain SC5314 / ATCC MYA-2876)]	767	0.0
gnl|BL_ORD_ID|48351 PLMD-13994|P82610|48 Acetylation [Candida albicans (strain SC5314 / ATCC MYA-2876)]	767	0.0
gnl|BL_ORD_ID|48350 PLMD-13994|P82610|321 Acetylation [Candida albicans (strain SC5314 / ATCC MYA-2876)]	767	0.0
gnl|BL_ORD_ID|48349 PLMD-13994|P82610|309 Acetylation [Candida albicans (strain SC5314 / ATCC MYA-2876)]	767	0.0
gnl|BL_ORD_ID|8941 PLMD-3401|P05694|85 Acetylation [Saccharomyces cerevisiae (strain ATCC 204508 / S288c)]	767	0.0
gnl|BL_ORD_ID|8940 PLMD-3401|P05694|759 Acetylation [Saccharomyces cerevisiae (strain ATCC 204508 / S288c)]	767	0.0
gnl|BL_ORD_ID|8939 PLMD-3401|P05694|740 Acetylation [Saccharomyces cerevisiae (strain ATCC 204508 / S288c)]	767	0.0
gnl|BL_ORD_ID|8938 PLMD-3401|P05694|730 Acetylation [Saccharomyces cerevisiae (strain ATCC 204508 / S288c)]	767	0.0
gnl|BL_ORD_ID|8937 PLMD-3401|P05694|724 Acetylation [Saccharomyces cerevisiae (strain ATCC 204508 / S288c)]	767	0.0
gnl|BL_ORD_ID|8936 PLMD-3401|P05694|718 Acetylation [Saccharomyces cerevisiae (strain ATCC 204508 / S288c)]	767	0.0
gnl|BL_ORD_ID|8935 PLMD-3401|P05694|712 Acetylation [Saccharomyces cerevisiae (strain ATCC 204508 / S288c)]	767	0.0
gnl|BL_ORD_ID|8934 PLMD-3401|P05694|691 Acetylation [Saccharomyces cerevisiae (strain ATCC 204508 / S288c)]	767	0.0
gnl|BL_ORD_ID|8933 PLMD-3401|P05694|680 Acetylation [Saccharomyces cerevisiae (strain ATCC 204508 / S288c)]	767	0.0
gnl|BL_ORD_ID|8932 PLMD-3401|P05694|584 Acetylation [Saccharomyces cerevisiae (strain ATCC 204508 / S288c)]	767	0.0
gnl|BL_ORD_ID|8931 PLMD-3401|P05694|559 Acetylation [Saccharomyces cerevisiae (strain ATCC 204508 / S288c)]	767	0.0
gnl|BL_ORD_ID|8930 PLMD-3401|P05694|548 Acetylation [Saccharomyces cerevisiae (strain ATCC 204508 / S288c)]	767	0.0
gnl|BL_ORD_ID|8929 PLMD-3401|P05694|480 Acetylation [Saccharomyces cerevisiae (strain ATCC 204508 / S288c)]	767	0.0
gnl|BL_ORD_ID|8928 PLMD-3401|P05694|48 Acetylation [Saccharomyces cerevisiae (strain ATCC 204508 / S288c)]	767	0.0
gnl|BL_ORD_ID|8927 PLMD-3401|P05694|472 Acetylation [Saccharomyces cerevisiae (strain ATCC 204508 / S288c)]	767	0.0
gnl|BL_ORD_ID|8926 PLMD-3401|P05694|462 Acetylation [Saccharomyces cerevisiae (strain ATCC 204508 / S288c)]	767	0.0
gnl|BL_ORD_ID|8925 PLMD-3401|P05694|451 Acetylation [Saccharomyces cerevisiae (strain ATCC 204508 / S288c)]	767	0.0
gnl|BL_ORD_ID|8924 PLMD-3401|P05694|432 Acetylation [Saccharomyces cerevisiae (strain ATCC 204508 / S288c)]	767	0.0
gnl|BL_ORD_ID|8923 PLMD-3401|P05694|415 Acetylation [Saccharomyces cerevisiae (strain ATCC 204508 / S288c)]	767	0.0
gnl|BL_ORD_ID|8922 PLMD-3401|P05694|406 Acetylation [Saccharomyces cerevisiae (strain ATCC 204508 / S288c)]	767	0.0
gnl|BL_ORD_ID|8921 PLMD-3401|P05694|398 Acetylation [Saccharomyces cerevisiae (strain ATCC 204508 / S288c)]	767	0.0
gnl|BL_ORD_ID|8920 PLMD-3401|P05694|389 Acetylation [Saccharomyces cerevisiae (strain ATCC 204508 / S288c)]	767	0.0
gnl|BL_ORD_ID|8919 PLMD-3401|P05694|37 Acetylation [Saccharomyces cerevisiae (strain ATCC 204508 / S288c)]	767	0.0
gnl|BL_ORD_ID|8918 PLMD-3401|P05694|349 Acetylation [Saccharomyces cerevisiae (strain ATCC 204508 / S288c)]	767	0.0
gnl|BL_ORD_ID|8917 PLMD-3401|P05694|323 Acetylation [Saccharomyces cerevisiae (strain ATCC 204508 / S288c)]	767	0.0
gnl|BL_ORD_ID|8916 PLMD-3401|P05694|319 Acetylation [Saccharomyces cerevisiae (strain ATCC 204508 / S288c)]	767	0.0
gnl|BL_ORD_ID|8915 PLMD-3401|P05694|307 Acetylation [Saccharomyces cerevisiae (strain ATCC 204508 / S288c)]	767	0.0
gnl|BL_ORD_ID|8914 PLMD-3401|P05694|233 Acetylation [Saccharomyces cerevisiae (strain ATCC 204508 / S288c)]	767	0.0
gnl|BL_ORD_ID|8913 PLMD-3401|P05694|155 Acetylation [Saccharomyces cerevisiae (strain ATCC 204508 / S288c)]	767	0.0
gnl|BL_ORD_ID|8912 PLMD-3401|P05694|146 Acetylation [Saccharomyces cerevisiae (strain ATCC 204508 / S288c)]	767	0.0
gnl|BL_ORD_ID|8911 PLMD-3401|P05694|141 Acetylation [Saccharomyces cerevisiae (strain ATCC 204508 / S288c)]	767	0.0
gnl|BL_ORD_ID|8910 PLMD-3401|P05694|136 Acetylation [Saccharomyces cerevisiae (strain ATCC 204508 / S288c)]	767	0.0
gnl|BL_ORD_ID|8909 PLMD-3401|P05694|121 Acetylation [Saccharomyces cerevisiae (strain ATCC 204508 / S288c)]	767	0.0
gnl|BL_ORD_ID|8908 PLMD-3401|P05694|110 Acetylation [Saccharomyces cerevisiae (strain ATCC 204508 / S288c)]	767	0.0
gnl|BL_ORD_ID|58618 PLMD-18032|Q2QLY4|36 Acetylation [Oryza sativa subsp. japonica]	766	0.0
gnl|BL_ORD_ID|2813 PLMD-1318|O50008|279 Acetylation [Arabidopsis thaliana]	765	0.0
gnl|BL_ORD_ID|107272 PLMD-51236|I1GPV3|36 Acetylation [Brachypodium distachyon]	766	0.0
gnl|BL_ORD_ID|107271 PLMD-51236|I1GPV3|18 Acetylation [Brachypodium distachyon]	766	0.0
gnl|BL_ORD_ID|49643 PLMD-14711|P9WK07|118 Acetylation [Mycobacterium tuberculosis (strain ATCC 25618 / H37Rv)]	759	0.0
gnl|BL_ORD_ID|96620 PLMD-42348|A0A1D6S220|78 Acetylation [Triticum aestivum]	807	0.0
gnl|BL_ORD_ID|96502 PLMD-42249|A0A1D5X5X3|80 Acetylation [Triticum aestivum]	828	0.0
gnl|BL_ORD_ID|107682 PLMD-51598|I1IG93|286 Acetylation [Brachypodium distachyon]	765	0.0
gnl|BL_ORD_ID|107681 PLMD-51598|I1IG93|273 Acetylation [Brachypodium distachyon]	765	0.0
gnl|BL_ORD_ID|109423 PLMD-52679|S6FR85|550 Acetylation [Bacillus velezensis UCMB5033]	762	0.0
gnl|BL_ORD_ID|109422 PLMD-52679|S6FR85|406 Acetylation [Bacillus velezensis UCMB5033]	762	0.0
gnl|BL_ORD_ID|109421 PLMD-52679|S6FR85|176 Acetylation [Bacillus velezensis UCMB5033]	762	0.0
gnl|BL_ORD_ID|48271 PLMD-13960|P80877|406 Acetylation [Bacillus subtilis (strain 168)]	762	0.0
gnl|BL_ORD_ID|103853 PLMD-49359|G4YK03|745 Acetylation [Phytophthora sojae (strain P6497)]	767	0.0
gnl|BL_ORD_ID|103852 PLMD-49359|G4YK03|691 Acetylation [Phytophthora sojae (strain P6497)]	767	0.0
gnl|BL_ORD_ID|103851 PLMD-49359|G4YK03|623 Acetylation [Phytophthora sojae (strain P6497)]	767	0.0
gnl|BL_ORD_ID|103850 PLMD-49359|G4YK03|420 Acetylation [Phytophthora sojae (strain P6497)]	767	0.0
gnl|BL_ORD_ID|103849 PLMD-49359|G4YK03|400 Acetylation [Phytophthora sojae (strain P6497)]	767	0.0
gnl|BL_ORD_ID|103848 PLMD-49359|G4YK03|392 Acetylation [Phytophthora sojae (strain P6497)]	767	0.0
gnl|BL_ORD_ID|103847 PLMD-49359|G4YK03|31 Acetylation [Phytophthora sojae (strain P6497)]	767	0.0
gnl|BL_ORD_ID|103846 PLMD-49359|G4YK03|280 Acetylation [Phytophthora sojae (strain P6497)]	767	0.0
gnl|BL_ORD_ID|103845 PLMD-49359|G4YK03|26 Acetylation [Phytophthora sojae (strain P6497)]	767	0.0
gnl|BL_ORD_ID|103844 PLMD-49359|G4YK03|21 Acetylation [Phytophthora sojae (strain P6497)]	767	0.0
gnl|BL_ORD_ID|76875 PLMD-31360|Q8NRB3|716 Acetylation [Corynebacterium glutamicum (strain ATCC 13032 / DSM 20300 / JCM 1318 / LMG 3730 / NCIMB 10025)]	745	0.0
gnl|BL_ORD_ID|76874 PLMD-31360|Q8NRB3|601 Acetylation [Corynebacterium glutamicum (strain ATCC 13032 / DSM 20300 / JCM 1318 / LMG 3730 / NCIMB 10025)]	745	0.0
gnl|BL_ORD_ID|76873 PLMD-31360|Q8NRB3|533 Acetylation [Corynebacterium glutamicum (strain ATCC 13032 / DSM 20300 / JCM 1318 / LMG 3730 / NCIMB 10025)]	745	0.0
gnl|BL_ORD_ID|76872 PLMD-31360|Q8NRB3|436 Acetylation [Corynebacterium glutamicum (strain ATCC 13032 / DSM 20300 / JCM 1318 / LMG 3730 / NCIMB 10025)]	745	0.0
gnl|BL_ORD_ID|76871 PLMD-31360|Q8NRB3|351 Acetylation [Corynebacterium glutamicum (strain ATCC 13032 / DSM 20300 / JCM 1318 / LMG 3730 / NCIMB 10025)]	745	0.0
gnl|BL_ORD_ID|76870 PLMD-31360|Q8NRB3|304 Acetylation [Corynebacterium glutamicum (strain ATCC 13032 / DSM 20300 / JCM 1318 / LMG 3730 / NCIMB 10025)]	745	0.0
gnl|BL_ORD_ID|76869 PLMD-31360|Q8NRB3|232 Acetylation [Corynebacterium glutamicum (strain ATCC 13032 / DSM 20300 / JCM 1318 / LMG 3730 / NCIMB 10025)]	745	0.0
gnl|BL_ORD_ID|76868 PLMD-31360|Q8NRB3|119 Acetylation [Corynebacterium glutamicum (strain ATCC 13032 / DSM 20300 / JCM 1318 / LMG 3730 / NCIMB 10025)]	745	0.0
gnl|BL_ORD_ID|110524 PLMD-53069|S6FZZ4|321 Acetylation [Bacillus velezensis UCMB5033]	378	2.5644e-05
gnl|BL_ORD_ID|110523 PLMD-53069|S6FZZ4|179 Acetylation [Bacillus velezensis UCMB5033]	378	2.5644e-05
